{
    "FEATURECLASS_SDE_PATH": {

        "COMMON_SDE_PATH": "F:\\Avineon\\Prod_Scripts\\Renaming_Layers_Scripts\\Unified.sde"
    },
    "COMMON_FEATURE_CLASSES": {

        "NE.TELCO//NE.COP_CAB_BNDRY_new": "NE.TELCO//NE.COP_CAB_BNDRY",
        "NE.TELCO//NE.EQUIPMENT_new": "NE.TELCO//NE.EQUIPMENT",
        "NE.TELCO//NE.FDT_BOUNDARY_new": "NE.TELCO//NE.FDT_BOUNDARY",
        "NE.TELCO//NE.SPAN_new": "NE.TELCO//NE.SPAN_new",
        "NE.TELCO//NE.SPLICE_CLOSURE_new": "NE.TELCO//NE.SPLICE_CLOSURE",
        "NE.TELCO//NE.STRUCTURE_new": "NE.TELCO//NE.STRUCTURE",
        "NE.TELCO//NE.TRANSMEDIA_new": "NE.TELCO//NE.TRANSMEDIA",
        "NE.GIS_Web_Services_GCS//NE.FDT_BOUNDARY_GIS_SERVICE_new": "NE.GIS_Web_Services_GCS//NE.FDT_BOUNDARY_GIS_SERVICE",
        "NE.GIS_Web_Services_GCS//NE.TB_GIS_SERVICE_new": "NE.GIS_Web_Services_GCS//NE.TB_GIS_SERVICE"

    },
    "ADMIN_CONNECTION_PATH": {

        "COMMON_ADMIN_CON": "F:\\Avineon\\Prod_Scripts\\Renaming_Layers_Scripts\\Unified_sde.sde"
    }
}