{
    "FEATURECLASS_SDE_PATH": {

        "COMMON_SDE_PATH": "F:\\Avineon\\Prod_Scripts\\Renaming_Layers_Scripts\\Unified.sde"
    },
    "COMMON_FEATURE_CLASSES": {

        "NE.Al_Hasa_Landbase//NE.AL_Hasa_parcels_new": "NE.Al_Hasa_Landbase//NE.AL_Hasa_parcels",
        "NE.Al_Jouf_Landbase//NE.Jouf_Parcels_new": "NE.Al_Jouf_Landbase//NE.Jouf_Parcels",
        "NE.Arar_Landbase//NE.Arar_Parcels_new": "NE.Arar_Landbase//NE.Arar_Parcels",
        "NE.Assir_Landbase//NE.Assir_Parcels_new": "NE.Assir_Landbase//NE.Assir_Parcels",
        "NE.Baha_Landbase//NE.Baha_Parcels_new": "NE.Baha_Landbase//NE.Baha_Parcels",
        "NE.Dammam_Landbase//NE.Dammam_Parcels_new": "NE.Dammam_Landbase//NE.Dammam_Parcels",
        "NE.EBU_Portal//NE.Demand_Points_new": "NE.EBU_Portal//NE.Demand_Points",
        "NE.EBU_Portal//NE.EBU_CoWs_new": "NE.EBU_Portal//NE.EBU_CoWs",
        "NE.EBU_Survey//NE.EBU_Desktop_Study_new": "NE.EBU_Survey//NE.EBU_Desktop_Study",
        "NE.EBU_Survey//NE.EBU_Physical_Survey_new": "NE.EBU_Survey//NE.EBU_Physical_Survey",
        "NE.GIS_Web_Services_GCS//NE.Copper_Customers_Granite_new": "NE.GIS_Web_Services_GCS//NE.Copper_Customers_Granite",
        "NE.GIS_Web_Services_GCS//NE.FDT_BOUNDARY_GIS_SERVICE_new": "NE.GIS_Web_Services_GCS//NE.FDT_BOUNDARY_GIS_SERVICE",
        "NE.GIS_Web_Services_GCS//NE.Saudi_Post_Adress_Data_new": "NE.GIS_Web_Services_GCS//NE.Saudi_Post_Adress_Data",
        "NE.GIS_Web_Services_GCS//NE.TB_GIS_SERVICE_new": "NE.GIS_Web_Services_GCS//NE.TB_GIS_SERVICE",
        "NE.Hail_Landbase//NE.Hail_Parcels_new": "NE.Hail_Landbase//NE.Hail_Parcels",
        "NE.Jeddah_Landbase//NE.Jeddah_Parcels_new": "NE.Jeddah_Landbase//NE.Jeddah_Parcels",
        "NE.JIZAN_LANDBASE//NE.JIZAN_PARCELS_new": "NE.JIZAN_LANDBASE//NE.JIZAN_PARCELS",
        "NE.Jubail_Landbase//NE.Jubail_Parcels_new": "NE.Jubail_Landbase//NE.Jubail_Parcels",
        "NE.Kingdom_wide_data//NE.HayyBoundaries_new": "NE.Kingdom_wide_data//NE.HayyBoundaries",
        "NE.Kingdom_wide_data//NE.Madinah_Parcels_new": "NE.Kingdom_wide_data//NE.Madinah_Parcels",
        "NE.Madinah_Landbase/NE.Madinah_Parcels_new": "NE.Madinah_Landbase/NE.Madinah_Parcels",
        "NE.Makkah_Landbase//NE.Makkah_Parcels_new": "NE.Makkah_Landbase//NE.Makkah_Parcels",
        "NE.Najran_Landbase//NE.NAJRAN_PARCELS_new": "NE.Najran_Landbase//NE.NAJRAN_PARCELS",
        "NE.National_Address//NE.National_address_Points_new": "NE.National_Address//NE.National_address_Points",
        "NE.Network_Coverage_GCS/NE.EBU_Sites_new": "NE.Network_Coverage_GCS/NE.EBU_Sites",
        "NE.Network_Coverage_GCS/NE.HAJJ_LOCATIONS_new": "NE.Network_Coverage_GCS/NE.HAJJ_LOCATIONS",
        "NE.Network_Coverage_GCS/NE.LocalClone_Tbs_new": "NE.Network_Coverage_GCS/NE.LocalClone_Tbs",
        "NE.Network_Coverage_GCS//NE.NEW_GR_TBs_new": "NE.Network_Coverage_GCS//NE.NEW_GR_TBs",
        "NE.Qassim_Landbase//NE.Qassim_Parcels_new": "NE.Qassim_Landbase//NE.Qassim_Parcels",
        "NE.Riyadh_City_Landbase//NE.Riyadh_City_Parcels_new": "NE.Riyadh_City_Landbase//NE.Riyadh_City_Parcels",
        "NE.Riyadh_Mohafazat_Landbase//NE.Riyadh_Mohafazat_Parcels_new": "NE.Riyadh_Mohafazat_Landbase//NE.Riyadh_Mohafazat_Parcels",
        "NE.Tabuk_Landbase//NE.Tabuk_Parcels_new": "NE.Tabuk_Landbase//NE.Tabuk_Parcels",
        "NE.Taif_Landbase//NE.Taif_Parcels_new": "NE.Taif_Landbase//NE.Taif_Parcels",
        "NE.YANBU_LANDBASE//NE.YANBU_PARCELS_new": "NE.YANBU_LANDBASE//NE.YANBU_PARCELS",
        "NE.TELCO//NE.COP_CAB_BNDRY_new": "NE.TELCO//NE.COP_CAB_BNDRY",
        "NE.TELCO//NE.EQUIPMENT_new": "NE.TELCO//NE.EQUIPMENT",
        "NE.TELCO//NE.FDT_BOUNDARY_new": "NE.TELCO//NE.FDT_BOUNDARY",
        "NE.TELCO//NE.SPAN_new": "NE.TELCO//NE.SPAN",
        "NE.TELCO//NE.SPLICE_CLOSURE_new": "NE.TELCO//NE.SPLICE_CLOSURE",
        "NE.TELCO//NE.STRUCTURE_new": "NE.TELCO//NE.STRUCTURE",
        "NE.TELCO//NE.TRANSMEDIA_new": "NE.TELCO//NE.TRANSMEDIA",
        "NE.TELCO//NE.FDT_POINTS_new": "NE.TELCO//NE.FDT_POINTS",
        "NE.TELCO//NE.TB_POINTS_new": "NE.TELCO//NE.TB_POINTS",
        "NE.NATIONAL_ADDRESS_new": "NE.NATIONAL_ADDRESS",
        "NE.FIBER_NEW": "NE.FIBER",
        "NE.COPPER_NEW": "COPPER",
        "NE.COPPER_FIBER_NEW": "NE.COPPER_FIBER",
        "NE.GSM_Microwave//NE.KSA_2G_SITES_new": "NE.GSM_Microwave//NE.KSA_2G_SITES",
        "NE.GSM_Microwave//NE.KSA_2G_Coverage_new": "NE.GSM_Microwave//NE.KSA_2G_Coverage",
        "NE.GSM_Microwave//NE.LTE_Coverage_new": "NE.GSM_Microwave//NE.LTE_Coverage",
        "NE.GSM_Microwave//NE.LTE_Sites_new": "NE.GSM_Microwave//NE.LTE_Sites",
        "NE.GSM_Microwave//NE.UMTS_Coverage_new": "NE.GSM_Microwave//NE.UMTS_Coverage",
        "NE.GSM_Microwave//NE.UMTS_Sites_new": "NE.GSM_Microwave//NE.UMTS_Sites"

    },
    "ADMIN_CONNECTION_PATH": {

        "COMMON_ADMIN_CON": "F:\\Avineon\\Prod_Scripts\\Renaming_Layers_Scripts\\Unified_sde.sde"
    }
}