{	
"EMAIL_INFO":
	{
		"FromMailId" : "NE_ArcGIS@stc.com.sa",
		"Password" : "fabq575@",		
		"ToMailId" : ["ngl2@stc.com.sa"],
		"Host" : "SMTP.stcgroup.stc.com.sa",
		"Port" : "25",
		"EmailSubject": "Unified GIS(Renaming Data - Process Completed Notification)",
		"Message": "Renaming Layers update process completed notification with log file attached. Please check the status.",
		"log_Folder" : "F:/Avineon/Prod_Scripts/Renaming_Layers_Scripts/Rename_DB_Log",		
		"logFile_Extension" :"log",
		"logFileNamePattern" :"Common"			
	}
}

